feature,mean_abs_shap
asset_turnover_sub_roa,1.7668543
asset_turnover_mul_roa,0.9492466
asset_liabilities_mul_debt_ratio,0.7139404
rect_turn_mul_asset_liabilities,0.7018221
totaldebt_invcap_sub_debt_ratio2,0.56589633
roe_sub_roa,0.56001467
roe_mul_roa,0.551406
totaldebt_invcap_mul_leverage_ratio,0.5288717
rect_turn_sub_asset_liabilities,0.5154809
asset_liabilities_sub_debt_ratio,0.44953382
capitalization_ratio_sub_debt_ratio2,0.39444318
capitalization_ratio_mul_debt_ratio2,0.36757874
totaldebt_invcap_mul_debt_ratio2,0.33412778
longtermdebt_invcap_mul_capitalization_ratio,0.27387914
totaldebt_invcap_sub_leverage_ratio,0.2480468
leverage_ratio_sub_debt_ratio,0.16365458
leverage_ratio_mul_debt_ratio,0.15048872
longtermdebt_invcap_sub_capitalization_ratio,0.038431194
