feature,mean_abs_shap
asset_turnover_sub_roa,1.7221829
asset_turnover_mulw_roa,1.0195882
rect_turn_mulw_asset_liabilities,0.8089171
asset_liabilities_mulw_debt_ratio,0.7286347
totaldebt_invcap_sub_debt_ratio2,0.65171784
roe_sub_roa,0.56649166
totaldebt_invcap_mulw_leverage_ratio,0.53271174
rect_turn_sub_asset_liabilities,0.5310702
roe_mulw_roa,0.53098005
capitalization_ratio_sub_debt_ratio2,0.4258544
asset_liabilities_sub_debt_ratio,0.4087851
totaldebt_invcap_mulw_debt_ratio2,0.32044792
capitalization_ratio_mulw_debt_ratio2,0.29374108
longtermdebt_invcap_mulw_capitalization_ratio,0.28103328
totaldebt_invcap_sub_leverage_ratio,0.25335798
leverage_ratio_sub_debt_ratio,0.19879992
leverage_ratio_mulw_debt_ratio,0.105553575
longtermdebt_invcap_sub_capitalization_ratio,0.03838833
