feature,mean_abs_shap
asset_turnover_subw_roa,1.3703958
asset_turnover,1.0006307
cash_debt,0.67480236
rect_turn_subw_asset_liabilities,0.61614865
rect_turn,0.57722634
totaldebt_invcap_subw_debt_ratio2,0.5720415
asset_liabilities,0.5629076
debt_ebitda,0.4664425
roe_subw_roa,0.4411402
roa,0.43839115
roe,0.416477
capitalization_ratio_subw_debt_ratio2,0.3832785
totaldebt_invcap,0.31935143
capitalization_ratio,0.30347687
totaldebt_invcap_subw_leverage_ratio,0.24937966
debt_ratio2,0.24167725
asset_liabilities_subw_debt_ratio,0.21547346
debt_ratio,0.16392896
longtermdebt_invcap,0.15819064
leverage_ratio,0.15072264
longtermdebt_invcap_subw_capitalization_ratio,0.028709643
leverage_ratio_subw_debt_ratio,0.025734106
