feature,mean_abs_shap
asset_turnover_subw_roa,1.7356713
asset_turnover_mulw_roa,1.0516413
rect_turn_mulw_asset_liabilities,0.7671502
asset_liabilities_mulw_debt_ratio,0.72999513
totaldebt_invcap_subw_debt_ratio2,0.6921448
rect_turn_subw_asset_liabilities,0.5674672
roe_mulw_roa,0.5634383
roe_subw_roa,0.54534584
totaldebt_invcap_mulw_leverage_ratio,0.42867008
asset_liabilities_subw_debt_ratio,0.40398145
capitalization_ratio_subw_debt_ratio2,0.37826276
totaldebt_invcap_mulw_debt_ratio2,0.37240997
capitalization_ratio_mulw_debt_ratio2,0.3118632
longtermdebt_invcap_mulw_capitalization_ratio,0.31130922
totaldebt_invcap_subw_leverage_ratio,0.29360336
leverage_ratio_mulw_debt_ratio,0.1536969
leverage_ratio_subw_debt_ratio,0.11526888
longtermdebt_invcap_subw_capitalization_ratio,0.04850135
