feature,mean_abs_shap
asset_turnover_subw_roa,1.7506123
asset_turnover_mul_roa,1.0573583
asset_liabilities_mul_debt_ratio,0.72360677
rect_turn_mul_asset_liabilities,0.7077707
totaldebt_invcap_subw_debt_ratio2,0.70174795
roe_subw_roa,0.5735053
rect_turn_subw_asset_liabilities,0.5434583
roe_mul_roa,0.52848876
capitalization_ratio_subw_debt_ratio2,0.4422128
totaldebt_invcap_mul_leverage_ratio,0.42674068
totaldebt_invcap_mul_debt_ratio2,0.40052244
asset_liabilities_subw_debt_ratio,0.39298856
longtermdebt_invcap_mul_capitalization_ratio,0.3350642
capitalization_ratio_mul_debt_ratio2,0.28196004
totaldebt_invcap_subw_leverage_ratio,0.2504392
leverage_ratio_subw_debt_ratio,0.15396002
leverage_ratio_mul_debt_ratio,0.1298759
longtermdebt_invcap_subw_capitalization_ratio,0.047807526
