feature,mean_abs_shap
asset_turnover_sub_roa,1.3525531
asset_turnover,0.7428762
asset_turnover_mulw_roa,0.67031646
cash_debt,0.64936686
asset_liabilities_mulw_debt_ratio,0.60406506
roe_sub_roa,0.44977555
rect_turn_sub_asset_liabilities,0.44147664
debt_ebitda,0.3973395
totaldebt_invcap_sub_debt_ratio2,0.3953158
totaldebt_invcap_mulw_leverage_ratio,0.38549137
roe_mulw_roa,0.382782
rect_turn,0.37116382
rect_turn_mulw_asset_liabilities,0.36971843
capitalization_ratio_sub_debt_ratio2,0.3147671
asset_liabilities,0.30385187
capitalization_ratio,0.25183725
roe,0.24002314
totaldebt_invcap,0.21332768
roa,0.21002604
totaldebt_invcap_sub_leverage_ratio,0.20331573
capitalization_ratio_mulw_debt_ratio2,0.20095406
debt_ratio2,0.17377558
totaldebt_invcap_mulw_debt_ratio2,0.13673796
asset_liabilities_sub_debt_ratio,0.11919366
leverage_ratio,0.11831823
longtermdebt_invcap,0.11558885
debt_ratio,0.10294684
longtermdebt_invcap_mulw_capitalization_ratio,0.045998756
leverage_ratio_mulw_debt_ratio,0.040619105
leverage_ratio_sub_debt_ratio,0.026107915
longtermdebt_invcap_sub_capitalization_ratio,0.023703592
