feature,mean_abs_shap
asset_turnover,1.9288574
asset_turnover_mulw_roa,0.7168855
cash_debt,0.6776953
roe,0.65068096
asset_liabilities_mulw_debt_ratio,0.60749155
totaldebt_invcap_mulw_leverage_ratio,0.58035696
rect_turn_mulw_asset_liabilities,0.53768164
roe_mulw_roa,0.52786136
debt_ebitda,0.49656045
rect_turn,0.442649
asset_liabilities,0.44216403
totaldebt_invcap,0.3815391
debt_ratio,0.2900281
roa,0.28341442
leverage_ratio,0.26238176
debt_ratio2,0.24155955
capitalization_ratio,0.23821671
capitalization_ratio_mulw_debt_ratio2,0.21849611
totaldebt_invcap_mulw_debt_ratio2,0.21459846
longtermdebt_invcap,0.17030641
leverage_ratio_mulw_debt_ratio,0.13431267
longtermdebt_invcap_mulw_capitalization_ratio,0.094279855
