feature,mean_abs_shap
asset_turnover,1.942431
cash_debt,0.7147465
roe,0.6159997
asset_liabilities_mul_debt_ratio,0.60943174
asset_turnover_mul_roa,0.6022569
roe_mul_roa,0.53977954
totaldebt_invcap_mul_leverage_ratio,0.51482546
debt_ebitda,0.5014536
rect_turn,0.4933817
rect_turn_mul_asset_liabilities,0.45067373
asset_liabilities,0.4491512
totaldebt_invcap,0.4146394
roa,0.30917987
leverage_ratio,0.2983123
capitalization_ratio,0.28811386
debt_ratio2,0.26776683
debt_ratio,0.26173487
capitalization_ratio_mul_debt_ratio2,0.22586897
totaldebt_invcap_mul_debt_ratio2,0.20818065
longtermdebt_invcap,0.14909522
longtermdebt_invcap_mul_capitalization_ratio,0.08364902
leverage_ratio_mul_debt_ratio,0.06604311
