feature,mean_abs_shap
asset_turnover_sub_roa,1.3854601
asset_turnover,1.0153227
cash_debt,0.68115973
rect_turn,0.66273844
rect_turn_sub_asset_liabilities,0.60315025
totaldebt_invcap_sub_debt_ratio2,0.5716834
asset_liabilities,0.5551342
debt_ebitda,0.49992898
roa,0.44128633
roe_sub_roa,0.43050203
roe,0.42207724
totaldebt_invcap,0.38428834
capitalization_ratio_sub_debt_ratio2,0.3475595
capitalization_ratio,0.3443876
debt_ratio2,0.27713445
asset_liabilities_sub_debt_ratio,0.20001443
debt_ratio,0.17828734
longtermdebt_invcap,0.17232032
leverage_ratio,0.15480052
totaldebt_invcap_sub_leverage_ratio,0.14726464
leverage_ratio_sub_debt_ratio,0.094555214
longtermdebt_invcap_sub_capitalization_ratio,0.02824598
