feature,mean_abs_shap
asset_turnover_subw_roa,1.3003554
asset_turnover,0.7822765
asset_turnover_mulw_roa,0.7156176
cash_debt,0.65177137
asset_liabilities_mulw_debt_ratio,0.58313584
rect_turn_subw_asset_liabilities,0.49576154
roe_subw_roa,0.4355402
totaldebt_invcap_subw_debt_ratio2,0.4279882
rect_turn,0.42020696
debt_ebitda,0.40749684
roe_mulw_roa,0.3445329
capitalization_ratio_subw_debt_ratio2,0.32896212
asset_liabilities,0.30450523
rect_turn_mulw_asset_liabilities,0.30376485
totaldebt_invcap_mulw_leverage_ratio,0.30320737
roe,0.25541076
capitalization_ratio,0.2344473
totaldebt_invcap,0.23381075
capitalization_ratio_mulw_debt_ratio2,0.20044325
debt_ratio2,0.19958074
totaldebt_invcap_subw_leverage_ratio,0.1858649
roa,0.18213776
debt_ratio,0.16036631
longtermdebt_invcap,0.15121105
totaldebt_invcap_mulw_debt_ratio2,0.14986828
asset_liabilities_subw_debt_ratio,0.14683558
leverage_ratio,0.07575004
longtermdebt_invcap_mulw_capitalization_ratio,0.07177824
leverage_ratio_subw_debt_ratio,0.04631022
leverage_ratio_mulw_debt_ratio,0.04430021
longtermdebt_invcap_subw_capitalization_ratio,0.022919098
