feature,mean_abs_shap
asset_turnover_sub_roa,1.2175492
asset_turnover,0.7892392
cash_debt,0.64097697
asset_liabilities_mul_debt_ratio,0.59188515
asset_turnover_mul_roa,0.57137996
rect_turn_sub_asset_liabilities,0.4856178
rect_turn_mul_asset_liabilities,0.42840818
totaldebt_invcap_sub_debt_ratio2,0.41793516
debt_ebitda,0.40320972
roe_sub_roa,0.3942126
rect_turn,0.36605528
roe_mul_roa,0.34578377
capitalization_ratio_sub_debt_ratio2,0.33886334
totaldebt_invcap_mul_leverage_ratio,0.31737313
asset_liabilities,0.28497827
roe,0.2836301
roa,0.27155027
capitalization_ratio_mul_debt_ratio2,0.22972734
totaldebt_invcap,0.20031412
totaldebt_invcap_mul_debt_ratio2,0.1901402
totaldebt_invcap_sub_leverage_ratio,0.18248825
capitalization_ratio,0.17160577
debt_ratio,0.14970817
debt_ratio2,0.13904417
leverage_ratio,0.1128554
asset_liabilities_sub_debt_ratio,0.10659776
longtermdebt_invcap,0.09056453
leverage_ratio_mul_debt_ratio,0.068172365
longtermdebt_invcap_mul_capitalization_ratio,0.059060164
leverage_ratio_sub_debt_ratio,0.04033631
longtermdebt_invcap_sub_capitalization_ratio,0.024403628
