feature,mean_abs_shap
asset_turnover_subw_roa,1.2828302
asset_turnover,0.67323947
cash_debt,0.66993725
asset_turnover_mul_roa,0.6677017
asset_liabilities_mul_debt_ratio,0.6205127
debt_ebitda,0.43985385
roe_mul_roa,0.42427146
rect_turn_subw_asset_liabilities,0.41309044
roe_subw_roa,0.40309593
totaldebt_invcap_subw_debt_ratio2,0.37326264
rect_turn_mul_asset_liabilities,0.3719288
rect_turn,0.36494866
capitalization_ratio_subw_debt_ratio2,0.3532975
asset_liabilities,0.31225154
totaldebt_invcap_mul_leverage_ratio,0.3005275
roe,0.26842865
totaldebt_invcap,0.26219976
roa,0.2164397
capitalization_ratio,0.215428
capitalization_ratio_mul_debt_ratio2,0.20292607
totaldebt_invcap_subw_leverage_ratio,0.20096757
debt_ratio,0.17957221
debt_ratio2,0.17016448
totaldebt_invcap_mul_debt_ratio2,0.1673732
asset_liabilities_subw_debt_ratio,0.13119824
longtermdebt_invcap,0.107831344
leverage_ratio,0.09913843
longtermdebt_invcap_mul_capitalization_ratio,0.061671756
leverage_ratio_subw_debt_ratio,0.055556744
leverage_ratio_mul_debt_ratio,0.05173512
longtermdebt_invcap_subw_capitalization_ratio,0.022683596
